id,frase_original,frase_normalizada,sintomas_identificados,condicoes_encontradas,condicao_principal,pontuacao
1,Há dois dias estou com uma dor no peito que piora quando faço esforço físico e me impede de subir escadas.,ha dois dias estou com uma dor no peito que piora quando faco esforco fisico e me impede de subir escadas,dor no peito,Condição Cardiovascular A (1); Condição Cardiovascular C (1),Condição Cardiovascular A | Condição Cardiovascular C,1
2,"Sinto cansaço constante há uma semana, mesmo depois de descansar bem à noite, e isso atrapalha meu trabalho.",sinto cansaco constante ha uma semana mesmo depois de descansar bem a noite e isso atrapalha meu trabalho,cansaco constante,Condição Cardiovascular B (1),Condição Cardiovascular B,1
3,Estou com dificuldade para respirar desde ontem e fico muito cansado ao caminhar até o ponto de ônibus.,estou com dificuldade para respirar desde ontem e fico muito cansado ao caminhar ate o ponto de onibus,dificuldade para respirar,Condição Respiratória A (1),Condição Respiratória A,1
4,"Desde a manhã de hoje tenho uma dor de cabeça forte e sensibilidade à luz, o que me obrigou a ficar no escuro.",desde a manha de hoje tenho uma dor de cabeca forte e sensibilidade a luz o que me obrigou a ficar no escuro,dor de cabeca forte; sensibilidade a luz,Condição Neurológica A (2); Condição Neurológica C (1),Condição Neurológica A,2
5,"Há três dias venho tendo tosse seca e febre alta à noite, e quase não consigo dormir direito.",ha tres dias venho tendo tosse seca e febre alta a noite e quase nao consigo dormir direito,febre alta; tosse seca,Condição Respiratória B (2); Condição Infecciosa B (1); Condição Respiratória A (1),Condição Respiratória B,2
6,Sinto tontura intensa quando levanto da cama e às vezes minha visão fica turva por alguns segundos.,sinto tontura intensa quando levanto da cama e as vezes minha visao fica turva por alguns segundos,tontura intensa,Condição Cardiovascular C (1); Condição Neurológica A (1); Condição Neurológica B (1),Condição Cardiovascular C | Condição Neurológica A | Condição Neurológica B,1
7,"Estou com náusea e dor no estômago depois das refeições há cerca de cinco dias, o que reduziu meu apetite.",estou com nausea e dor no estomago depois das refeicoes ha cerca de cinco dias o que reduziu meu apetite,dor no estomago; nausea,Condição Digestiva A (2); Condição Digestiva B (1); Condição Neurológica C (1),Condição Digestiva A,2
8,"Notei dor nas articulações e dor muscular no corpo todo desde o fim de semana, principalmente ao acordar.",notei dor nas articulacoes e dor muscular no corpo todo desde o fim de semana principalmente ao acordar,dor muscular; dor nas articulacoes,Condição Musculoesquelética A (2); Condição Infecciosa B (1); Condição Musculoesquelética B (1),Condição Musculoesquelética A,2
9,"Há duas semanas sinto palpitações e coração acelerado em momentos de repouso, o que me deixa ansioso.",ha duas semanas sinto palpitacoes e coracao acelerado em momentos de repouso o que me deixa ansioso,coracao acelerado; palpitacoes,Condição Cardiovascular C (2); Condição Cardiovascular B (1),Condição Cardiovascular C,2
10,"Desde ontem estou com garganta inflamada e dor ao engolir, além de coriza, e preciso me esforçar para falar.",desde ontem estou com garganta inflamada e dor ao engolir alem de coriza e preciso me esforcar para falar,coriza; dor ao engolir; garganta inflamada,Condição Infecciosa A (3); Condição Alérgica A (1); Condição Respiratória B (1),Condição Infecciosa A,3
