frase,situacao
Estou com um pequeno desconforto muscular depois de praticar exercícios.,baixo_risco
Sinto uma leve dor de cabeça no fim da tarde quando fico muito tempo no computador.,baixo_risco
Tive um resfriado simples com coriza e espirros que melhora a cada dia.,baixo_risco
Acordei com o pescoço um pouco rígido por ter dormido de mau jeito.,baixo_risco
Estou com um cansaço leve depois de uma semana corrida no trabalho.,baixo_risco
Senti um pouco de azia depois do almoço pesado de domingo.,baixo_risco
Tenho uma tosse leve e ocasional que aparece só de manhã.,baixo_risco
Estou com sono e um pouco indisposto porque dormi pouco esta semana.,baixo_risco
Apareceu uma coceira discreta no braço depois de usar um sabonete novo.,baixo_risco
Sinto uma dor leve nas costas quando fico sentado por muito tempo.,baixo_risco
Meu nariz está entupido e a garganta arranha um pouco desde ontem.,baixo_risco
Tive um enjoo passageiro no carro durante a viagem e já passou.,baixo_risco
Estou com uma dor muscular suave nas pernas depois da caminhada de ontem.,baixo_risco
Percebi uma pequena irritação nos olhos por causa da poeira.,baixo_risco
Sinto uma leve tontura apenas quando fico muito tempo sem comer.,baixo_risco
Estou com um desconforto no estômago depois de comer algo muito gorduroso.,baixo_risco
Tive um espirro frequente na primavera e meus olhos coçam um pouco.,baixo_risco
Minha garganta está levemente irritada depois de gritar no jogo.,baixo_risco
Sinto o corpo um pouco cansado mas consigo trabalhar normalmente.,baixo_risco
Tenho uma pequena bolha no pé por causa do sapato novo.,baixo_risco
Estou com um incômodo leve no joelho depois de subir escadas.,baixo_risco
Senti uma ligeira dor de barriga que melhorou com um chá.,baixo_risco
Acordei com uma dor de cabeça fraca que sumiu depois do café da manhã.,baixo_risco
Meu nariz escorre um pouco quando o tempo esfria.,baixo_risco
Tive uma noite de insônia e hoje estou com um pouco de moleza.,baixo_risco
Sinto um formigamento leve na mão quando durmo sobre o braço.,baixo_risco
Estou com a voz levemente rouca depois de cantar no fim de semana.,baixo_risco
Notei uma mancha pequena na pele que não coça nem dói.,baixo_risco
Tenho uma dor nas costas leve que melhora com alongamento.,baixo_risco
Senti um leve mal-estar depois de tomar sol por muito tempo.,baixo_risco
Estou com um pouco de gases e a barriga inchada depois do jantar.,baixo_risco
Tive uma febre baixa por uma noite e já estou me sentindo bem.,baixo_risco
Estou sentindo uma dor intensa no peito acompanhada de falta de ar.,alto_risco
Perdi a consciência por alguns instantes e caí no chão sem avisar.,alto_risco
Tenho uma dor de cabeça repentina e muito forte como nunca senti antes.,alto_risco
Meu rosto ficou caído de um lado e estou com dificuldade para falar.,alto_risco
Estou com febre muito alta há três dias e não consigo parar de tremer.,alto_risco
Sinto o coração disparado e uma sensação de aperto no peito que irradia para o braço.,alto_risco
Estou com dificuldade grave para respirar e meus lábios ficaram arroxeados.,alto_risco
Vomitei várias vezes com sangue e estou muito fraco.,alto_risco
Tenho uma dor abdominal insuportável que começou de repente.,alto_risco
Estou sem conseguir mexer o braço direito e sinto formigamento no rosto.,alto_risco
Tive uma convulsão há pouco e ainda estou confuso.,alto_risco
Sinto muita falta de ar mesmo parado e não consigo falar frases inteiras.,alto_risco
Minha visão escureceu de repente e senti uma tontura intensa com desmaio.,alto_risco
Estou com uma dor forte no peito que não passa há mais de uma hora.,alto_risco
Meu rosto e a língua estão inchando e tenho dificuldade para engolir.,alto_risco
Tenho sangramento intenso que não para mesmo depois de pressionar.,alto_risco
Sinto confusão mental e não consigo lembrar onde estou.,alto_risco
Estou com palpitações fortes e suor frio e quase desmaiei.,alto_risco
A dor na barriga está cada vez mais forte e meu abdômen está muito duro.,alto_risco
Tenho febre alta com rigidez no pescoço e sensibilidade intensa à luz.,alto_risco
Sinto uma pressão forte no peito e a dor desce pelo braço esquerdo.,alto_risco
Estou muito tonto e com a fala embolada desde que acordei.,alto_risco
Engasguei e não consigo respirar direito desde então.,alto_risco
Tenho tosse com sangue e cansaço extremo há alguns dias.,alto_risco
Sinto uma fraqueza súbita em um lado do corpo e não consigo ficar em pé.,alto_risco
Meu coração está batendo de forma irregular e sinto que vou desmaiar.,alto_risco
Estou com vômitos persistentes e não consigo manter nenhum líquido no estômago.,alto_risco
Tive uma reação alérgica forte com falta de ar e manchas pelo corpo todo.,alto_risco
Sinto uma dor muito forte e repentina na cabeça com vômito e visão dupla.,alto_risco
Estou com a pele pálida e suando frio com uma dor intensa no peito.,alto_risco
Perdi os sentidos e quando acordei não conseguia mover as pernas.,alto_risco
